benchmark,h_statistic,p_value,significant,energy_range_J,range_percentage,median_energy_J
1,17.97548387096772,0.0029772875527190354,True,1.4848999999999961,1.3359279971786147,111.15119999999999
2,28.225806451612897,3.2879707248694385e-05,True,5.737200000000001,4.784416871048742,119.9143
